BBRef_Game_ID,DateTime,Date,Start,HomeTm,HomePTS,VisitTm,VisitPTS
201010260BOS,2010-10-26T19:30:00Z,2010-10-26,7:30pm,BOS,88,MIA,80
201010260POR,2010-10-26T22:00:00Z,2010-10-26,10:00pm,POR,106,PHO,92
201010260LAL,2010-10-26T22:30:00Z,2010-10-26,10:30pm,LAL,112,HOU,110
201010270CLE,2010-10-27T19:00:00Z,2010-10-27,7:00pm,CLE,95,BOS,87
201010270TOR,2010-10-27T19:00:00Z,2010-10-27,7:00pm,TOR,93,NYK,98
201010270PHI,2010-10-27T19:00:00Z,2010-10-27,7:00pm,PHI,87,MIA,97
201010270NJN,2010-10-27T19:00:00Z,2010-10-27,7:00pm,NJN,101,DET,98
201010270OKC,2010-10-27T20:00:00Z,2010-10-27,8:00pm,OKC,106,CHI,95
201010270NOH,2010-10-27T20:00:00Z,2010-10-27,8:00pm,NOH,95,MIL,91
201010270MIN,2010-10-27T20:00:00Z,2010-10-27,8:00pm,MIN,116,SAC,117
201010270MEM,2010-10-27T20:00:00Z,2010-10-27,8:00pm,MEM,104,ATL,119
201010270SAS,2010-10-27T20:30:00Z,2010-10-27,8:30pm,SAS,122,IND,109
201010270DAL,2010-10-27T20:30:00Z,2010-10-27,8:30pm,DAL,101,CHA,86
201010270DEN,2010-10-27T21:00:00Z,2010-10-27,9:00pm,DEN,110,UTA,88
201010270LAC,2010-10-27T22:30:00Z,2010-10-27,10:30pm,LAC,88,POR,98
201010270GSW,2010-10-27T22:30:00Z,2010-10-27,10:30pm,GSW,132,HOU,128
201010280ORL,2010-10-28T20:00:00Z,2010-10-28,8:00pm,ORL,112,WAS,83
201010280UTA,2010-10-28T22:30:00Z,2010-10-28,10:30pm,UTA,94,PHO,110
201010290CHA,2010-10-29T19:00:00Z,2010-10-29,7:00pm,CHA,101,IND,104
201010290TOR,2010-10-29T19:00:00Z,2010-10-29,7:00pm,TOR,101,CLE,81
201010290PHI,2010-10-29T19:00:00Z,2010-10-29,7:00pm,PHI,101,ATL,104
201010290NJN,2010-10-29T19:00:00Z,2010-10-29,7:00pm,NJN,106,SAC,100
201010290BOS,2010-10-29T19:30:00Z,2010-10-29,7:30pm,BOS,105,NYK,101
201010290DET,2010-10-29T20:00:00Z,2010-10-29,8:00pm,DET,104,OKC,105
201010290NOH,2010-10-29T20:00:00Z,2010-10-29,8:00pm,NOH,101,DEN,95
201010290MIA,2010-10-29T20:00:00Z,2010-10-29,8:00pm,MIA,96,ORL,70
201010290MIN,2010-10-29T20:00:00Z,2010-10-29,8:00pm,MIN,96,MIL,85
201010290DAL,2010-10-29T20:30:00Z,2010-10-29,8:30pm,DAL,90,MEM,91
201010290GSW,2010-10-29T22:30:00Z,2010-10-29,10:30pm,GSW,109,LAC,91
201010290PHO,2010-10-29T22:30:00Z,2010-10-29,10:30pm,PHO,106,LAL,114
201010300ATL,2010-10-30T19:00:00Z,2010-10-30,7:00pm,ATL,99,WAS,95
201010300NYK,2010-10-30T19:30:00Z,2010-10-30,7:30pm,NYK,95,POR,100
201010300CLE,2010-10-30T19:30:00Z,2010-10-30,7:30pm,CLE,104,SAC,107
201010300IND,2010-10-30T20:00:00Z,2010-10-30,8:00pm,IND,99,PHI,86
201010300MEM,2010-10-30T20:00:00Z,2010-10-30,8:00pm,MEM,109,MIN,89
201010300CHI,2010-10-30T20:00:00Z,2010-10-30,8:00pm,CHI,101,DET,91
201010300HOU,2010-10-30T20:30:00Z,2010-10-30,8:30pm,HOU,94,DEN,107
201010300MIL,2010-10-30T20:30:00Z,2010-10-30,8:30pm,MIL,98,CHA,88
201010300SAS,2010-10-30T20:30:00Z,2010-10-30,8:30pm,SAS,90,NOH,99
201010310NJN,2010-10-31T13:00:00Z,2010-10-31,1:00pm,NJN,78,MIA,101
201010310LAC,2010-10-31T15:30:00Z,2010-10-31,3:30pm,LAC,83,DAL,99
201010310OKC,2010-10-31T19:00:00Z,2010-10-31,7:00pm,OKC,99,UTA,120
201010310LAL,2010-10-31T21:30:00Z,2010-10-31,9:30pm,LAL,107,GSW,83
201310290IND,2013-10-29T19:00:00Z,2013-10-29,7:00pm,IND,97,ORL,87
201310290MIA,2013-10-29T20:00:00Z,2013-10-29,8:00pm,MIA,107,CHI,95
201310290LAL,2013-10-29T22:30:00Z,2013-10-29,10:30pm,LAL,116,LAC,103
201310300CLE,2013-10-30T19:00:00Z,2013-10-30,7:00pm,CLE,98,BRK,94
201310300TOR,2013-10-30T19:00:00Z,2013-10-30,7:00pm,TOR,93,BOS,87
201310300PHI,2013-10-30T19:00:00Z,2013-10-30,7:00pm,PHI,114,MIA,110
201310300DET,2013-10-30T19:30:00Z,2013-10-30,7:30pm,DET,113,WAS,102
201310300NYK,2013-10-30T19:30:00Z,2013-10-30,7:30pm,NYK,90,MIL,83
201310300NOP,2013-10-30T20:00:00Z,2013-10-30,8:00pm,NOP,90,IND,95
201310300MIN,2013-10-30T20:00:00Z,2013-10-30,8:00pm,MIN,120,ORL,115
201310300HOU,2013-10-30T20:00:00Z,2013-10-30,8:00pm,HOU,96,CHA,83
201310300SAS,2013-10-30T20:30:00Z,2013-10-30,8:30pm,SAS,101,MEM,94
201310300DAL,2013-10-30T20:30:00Z,2013-10-30,8:30pm,DAL,118,ATL,109
201310300UTA,2013-10-30T21:00:00Z,2013-10-30,9:00pm,UTA,98,OKC,101
201310300PHO,2013-10-30T22:00:00Z,2013-10-30,10:00pm,PHO,104,POR,91
201310300SAC,2013-10-30T22:00:00Z,2013-10-30,10:00pm,SAC,90,DEN,88
201310300GSW,2013-10-30T22:30:00Z,2013-10-30,10:30pm,GSW,125,LAL,94
201310310CHI,2013-10-31T20:00:00Z,2013-10-31,8:00pm,CHI,82,NYK,81
201310310LAC,2013-10-31T22:30:00Z,2013-10-31,10:30pm,LAC,126,GSW,115
201510270CHI,2015-10-27T20:00:00Z,2015-10-27,8:00pm,CHI,97,CLE,95
201510270ATL,2015-10-27T20:00:00Z,2015-10-27,8:00pm,ATL,94,DET,106
201510270GSW,2015-10-27T22:30:00Z,2015-10-27,10:30pm,GSW,111,NOP,95
201510280ORL,2015-10-28T19:00:00Z,2015-10-28,7:00pm,ORL,87,WAS,88
201510280BOS,2015-10-28T19:30:00Z,2015-10-28,7:30pm,BOS,112,PHI,95
201510280BRK,2015-10-28T19:30:00Z,2015-10-28,7:30pm,BRK,100,CHI,115
201510280DET,2015-10-28T19:30:00Z,2015-10-28,7:30pm,DET,92,UTA,87
201510280TOR,2015-10-28T19:30:00Z,2015-10-28,7:30pm,TOR,106,IND,99
201510280MIA,2015-10-28T19:30:00Z,2015-10-28,7:30pm,MIA,104,CHO,94
201510280MIL,2015-10-28T20:00:00Z,2015-10-28,8:00pm,MIL,97,NYK,122
201510280OKC,2015-10-28T20:00:00Z,2015-10-28,8:00pm,OKC,112,SAS,106
201510280MEM,2015-10-28T20:00:00Z,2015-10-28,8:00pm,MEM,76,CLE,106
201510280HOU,2015-10-28T20:00:00Z,2015-10-28,8:00pm,HOU,85,DEN,105
201510280PHO,2015-10-28T22:00:00Z,2015-10-28,10:00pm,PHO,95,DAL,111
201510280POR,2015-10-28T22:00:00Z,2015-10-28,10:00pm,POR,112,NOP,94
201510280SAC,2015-10-28T22:00:00Z,2015-10-28,10:00pm,SAC,104,LAC,111
201510280LAL,2015-10-28T22:30:00Z,2015-10-28,10:30pm,LAL,111,MIN,112
201510290IND,2015-10-29T19:00:00Z,2015-10-29,7:00pm,IND,103,MEM,112
201510290NYK,2015-10-29T20:00:00Z,2015-10-29,8:00pm,NYK,101,ATL,112
201510290LAC,2015-10-29T22:30:00Z,2015-10-29,10:30pm,LAC,104,DAL,88
201510300CLE,2015-10-30T19:00:00Z,2015-10-30,7:00pm,CLE,102,MIA,92
201510300PHI,2015-10-30T19:00:00Z,2015-10-30,7:00pm,PHI,71,UTA,99
201510300ORL,2015-10-30T19:00:00Z,2015-10-30,7:00pm,ORL,136,OKC,139
201510300BOS,2015-10-30T19:30:00Z,2015-10-30,7:30pm,BOS,103,TOR,113
201510300DET,2015-10-30T19:30:00Z,2015-10-30,7:30pm,DET,98,CHI,94
201510300ATL,2015-10-30T20:00:00Z,2015-10-30,8:00pm,ATL,97,CHO,94
201510300MIL,2015-10-30T20:00:00Z,2015-10-30,8:00pm,MIL,113,WAS,118
201510300SAS,2015-10-30T20:30:00Z,2015-10-30,8:30pm,SAS,102,BRK,75
201510300DEN,2015-10-30T21:00:00Z,2015-10-30,9:00pm,DEN,78,MIN,95
201510300HOU,2015-10-30T21:30:00Z,2015-10-30,9:30pm,HOU,92,GSW,112
201510300SAC,2015-10-30T22:00:00Z,2015-10-30,10:00pm,SAC,132,LAL,114
201510300PHO,2015-10-30T22:30:00Z,2015-10-30,10:30pm,PHO,110,POR,92
201510310IND,2015-10-31T19:00:00Z,2015-10-31,7:00pm,IND,76,UTA,97
201510310WAS,2015-10-31T19:00:00Z,2015-10-31,7:00pm,WAS,110,NYK,117
201510310NOP,2015-10-31T19:30:00Z,2015-10-31,7:30pm,NOP,120,GSW,134
201510310MEM,2015-10-31T20:00:00Z,2015-10-31,8:00pm,MEM,101,BRK,91
201510310POR,2015-10-31T22:00:00Z,2015-10-31,10:00pm,POR,90,PHO,101
201510310LAC,2015-10-31T22:30:00Z,2015-10-31,10:30pm,LAC,114,SAC,109
201610250CLE,2016-10-25T19:30:00Z,2016-10-25,7:30pm,CLE,117,NYK,88
201610250POR,2016-10-25T22:00:00Z,2016-10-25,10:00pm,POR,113,UTA,104
201610250GSW,2016-10-25T22:30:00Z,2016-10-25,10:30pm,GSW,100,SAS,129
201610260IND,2016-10-26T19:00:00Z,2016-10-26,7:00pm,IND,130,DAL,121
201610260ORL,2016-10-26T19:00:00Z,2016-10-26,7:00pm,ORL,96,MIA,108
201610260TOR,2016-10-26T19:30:00Z,2016-10-26,7:30pm,TOR,109,DET,91
201610260BOS,2016-10-26T19:30:00Z,2016-10-26,7:30pm,BOS,122,BRK,117
201610260MIL,2016-10-26T20:00:00Z,2016-10-26,8:00pm,MIL,96,CHO,107
201610260NOP,2016-10-26T20:00:00Z,2016-10-26,8:00pm,NOP,102,DEN,107
201610260MEM,2016-10-26T20:00:00Z,2016-10-26,8:00pm,MEM,102,MIN,98
201610260PHI,2016-10-26T20:00:00Z,2016-10-26,8:00pm,PHI,97,OKC,103
201610260PHO,2016-10-26T22:00:00Z,2016-10-26,10:00pm,PHO,94,SAC,113
201610260LAL,2016-10-26T22:30:00Z,2016-10-26,10:30pm,LAL,120,HOU,114
201610270ATL,2016-10-27T19:30:00Z,2016-10-27,7:30pm,ATL,114,WAS,99
201610270CHI,2016-10-27T20:00:00Z,2016-10-27,8:00pm,CHI,105,BOS,99
201610270POR,2016-10-27T22:30:00Z,2016-10-27,10:30pm,POR,106,LAC,114
201610270SAC,2016-10-27T22:30:00Z,2016-10-27,10:30pm,SAC,94,SAS,102
201610280TOR,2016-10-28T19:00:00Z,2016-10-28,7:00pm,TOR,91,CLE,94
201610280BRK,2016-10-28T19:30:00Z,2016-10-28,7:30pm,BRK,103,IND,94
201610280DET,2016-10-28T19:30:00Z,2016-10-28,7:30pm,DET,108,ORL,82
201610280OKC,2016-10-28T20:00:00Z,2016-10-28,8:00pm,OKC,113,PHO,110
201610280MIA,2016-10-28T20:00:00Z,2016-10-28,8:00pm,MIA,91,CHO,97
201610280DAL,2016-10-28T20:30:00Z,2016-10-28,8:30pm,DAL,98,HOU,106
201610280UTA,2016-10-28T21:00:00Z,2016-10-28,9:00pm,UTA,96,LAL,89
201610280NOP,2016-10-28T21:30:00Z,2016-10-28,9:30pm,NOP,114,GSW,122
201610290PHI,2016-10-29T12:30:00Z,2016-10-29,12:30pm,PHI,72,ATL,104
201610290CHO,2016-10-29T19:00:00Z,2016-10-29,7:00pm,CHO,98,BOS,104
201610290CLE,2016-10-29T19:30:00Z,2016-10-29,7:30pm,CLE,105,ORL,99
201610290NYK,2016-10-29T19:30:00Z,2016-10-29,7:30pm,NYK,111,MEM,104
201610290SAS,2016-10-29T20:00:00Z,2016-10-29,8:00pm,SAS,98,NOP,79
201610290MIL,2016-10-29T20:00:00Z,2016-10-29,8:00pm,MIL,110,BRK,108
201610290CHI,2016-10-29T20:00:00Z,2016-10-29,8:00pm,CHI,118,IND,101
201610290DEN,2016-10-29T21:00:00Z,2016-10-29,9:00pm,DEN,113,POR,115
201610290SAC,2016-10-29T22:30:00Z,2016-10-29,10:30pm,SAC,106,MIN,103
201610300LAC,2016-10-30T16:30:00Z,2016-10-30,4:30pm,LAC,88,UTA,75
201610300DET,2016-10-30T18:00:00Z,2016-10-30,6:00pm,DET,98,MIL,83
201610300MIA,2016-10-30T18:00:00Z,2016-10-30,6:00pm,MIA,99,SAS,106
201610300PHO,2016-10-30T18:00:00Z,2016-10-30,6:00pm,PHO,100,GSW,106
201610300OKC,2016-10-30T19:00:00Z,2016-10-30,7:00pm,OKC,113,LAL,96
201610300HOU,2016-10-30T20:00:00Z,2016-10-30,8:00pm,HOU,93,DAL,92
201610300MEM,2016-10-30T20:00:00Z,2016-10-30,8:00pm,MEM,112,WAS,103
201610310ATL,2016-10-31T19:30:00Z,2016-10-31,7:30pm,ATL,106,SAC,95
201610310BRK,2016-10-31T19:30:00Z,2016-10-31,7:30pm,BRK,88,CHI,118
201610310TOR,2016-10-31T19:30:00Z,2016-10-31,7:30pm,TOR,105,DEN,102
201610310LAC,2016-10-31T22:30:00Z,2016-10-31,10:30pm,LAC,116,PHO,98
201710170CLE,2017-10-17T20:01:00Z,2017-10-17,8:01pm,CLE,102,BOS,99
201710170GSW,2017-10-17T22:30:00Z,2017-10-17,10:30pm,GSW,121,HOU,122
201710180DET,2017-10-18T19:00:00Z,2017-10-18,7:00pm,DET,102,CHO,90
201710180IND,2017-10-18T19:00:00Z,2017-10-18,7:00pm,IND,140,BRK,131
201710180ORL,2017-10-18T19:00:00Z,2017-10-18,7:00pm,ORL,116,MIA,109
201710180WAS,2017-10-18T19:00:00Z,2017-10-18,7:00pm,WAS,120,PHI,115
201710180BOS,2017-10-18T19:30:00Z,2017-10-18,7:30pm,BOS,100,MIL,108
201710180MEM,2017-10-18T20:00:00Z,2017-10-18,8:00pm,MEM,103,NOP,91
201710180DAL,2017-10-18T20:30:00Z,2017-10-18,8:30pm,DAL,111,ATL,117
201710180UTA,2017-10-18T21:00:00Z,2017-10-18,9:00pm,UTA,106,DEN,96
201710180SAS,2017-10-18T21:30:00Z,2017-10-18,9:30pm,SAS,107,MIN,99
201710180PHO,2017-10-18T22:00:00Z,2017-10-18,10:00pm,PHO,76,POR,124
201710180SAC,2017-10-18T22:00:00Z,2017-10-18,10:00pm,SAC,100,HOU,105
201710190TOR,2017-10-19T19:30:00Z,2017-10-19,7:30pm,TOR,117,CHI,100
201710190OKC,2017-10-19T20:00:00Z,2017-10-19,8:00pm,OKC,105,NYK,84
201710190LAL,2017-10-19T22:30:00Z,2017-10-19,10:30pm,LAL,92,LAC,108
201710200CHO,2017-10-20T19:00:00Z,2017-10-20,7:00pm,CHO,109,ATL,91
201710200IND,2017-10-20T19:00:00Z,2017-10-20,7:00pm,IND,96,POR,114
201710200MIL,2017-10-20T19:00:00Z,2017-10-20,7:00pm,MIL,97,CLE,116
201710200PHI,2017-10-20T19:00:00Z,2017-10-20,7:00pm,PHI,92,BOS,102
201710200WAS,2017-10-20T19:00:00Z,2017-10-20,7:00pm,WAS,115,DET,111
201710200BRK,2017-10-20T19:30:00Z,2017-10-20,7:30pm,BRK,126,ORL,121
201710200MIN,2017-10-20T20:00:00Z,2017-10-20,8:00pm,MIN,100,UTA,97
201710200DAL,2017-10-20T20:30:00Z,2017-10-20,8:30pm,DAL,88,SAC,93
201710200NOP,2017-10-20T21:30:00Z,2017-10-20,9:30pm,NOP,120,GSW,128
201710200PHO,2017-10-20T22:00:00Z,2017-10-20,10:00pm,PHO,130,LAL,132
201710210TOR,2017-10-21T19:30:00Z,2017-10-21,7:30pm,TOR,128,PHI,94
201710210CHI,2017-10-21T20:00:00Z,2017-10-21,8:00pm,CHI,77,SAS,87
201710210CLE,2017-10-21T20:00:00Z,2017-10-21,8:00pm,CLE,93,ORL,114
201710210HOU,2017-10-21T20:00:00Z,2017-10-21,8:00pm,HOU,107,DAL,91
201710210MEM,2017-10-21T20:00:00Z,2017-10-21,8:00pm,MEM,111,GSW,101
201710210MIA,2017-10-21T20:00:00Z,2017-10-21,8:00pm,MIA,112,IND,108
201710210NYK,2017-10-21T20:00:00Z,2017-10-21,8:00pm,NYK,107,DET,111
201710210MIL,2017-10-21T20:30:00Z,2017-10-21,8:30pm,MIL,113,POR,110
201710210DEN,2017-10-21T21:00:00Z,2017-10-21,9:00pm,DEN,96,SAC,79
201710210UTA,2017-10-21T21:00:00Z,2017-10-21,9:00pm,UTA,96,OKC,87
201710210LAC,2017-10-21T22:30:00Z,2017-10-21,10:30pm,LAC,130,PHO,88
201710220BRK,2017-10-22T15:30:00Z,2017-10-22,3:30pm,BRK,116,ATL,104
201710220OKC,2017-10-22T19:00:00Z,2017-10-22,7:00pm,OKC,113,MIN,115
201710220LAL,2017-10-22T21:30:00Z,2017-10-22,9:30pm,LAL,112,NOP,119
201710230DET,2017-10-23T19:00:00Z,2017-10-23,7:00pm,DET,86,PHI,97
201710230MIA,2017-10-23T19:30:00Z,2017-10-23,7:30pm,MIA,104,ATL,93
201710230HOU,2017-10-23T20:00:00Z,2017-10-23,8:00pm,HOU,90,MEM,98
201710230MIL,2017-10-23T20:00:00Z,2017-10-23,8:00pm,MIL,103,CHO,94
201710230DAL,2017-10-23T20:30:00Z,2017-10-23,8:30pm,DAL,103,GSW,133
201710230SAS,2017-10-23T20:30:00Z,2017-10-23,8:30pm,SAS,101,TOR,97
201710230DEN,2017-10-23T21:00:00Z,2017-10-23,9:00pm,DEN,104,WAS,109
201710230PHO,2017-10-23T22:00:00Z,2017-10-23,10:00pm,PHO,117,SAC,115
201710240CLE,2017-10-24T19:00:00Z,2017-10-24,7:00pm,CLE,119,CHI,112
201710240ORL,2017-10-24T19:00:00Z,2017-10-24,7:00pm,ORL,125,BRK,121
201710240BOS,2017-10-24T19:30:00Z,2017-10-24,7:30pm,BOS,110,NYK,89
201710240MIN,2017-10-24T20:00:00Z,2017-10-24,8:00pm,MIN,107,IND,130
201710240POR,2017-10-24T22:00:00Z,2017-10-24,10:00pm,POR,103,NOP,93
201710240LAC,2017-10-24T22:30:00Z,2017-10-24,10:30pm,LAC,102,UTA,84
201710250CHO,2017-10-25T19:00:00Z,2017-10-25,7:00pm,CHO,110,DEN,93
201710250DET,2017-10-25T19:00:00Z,2017-10-25,7:00pm,DET,122,MIN,101
201710250PHI,2017-10-25T19:00:00Z,2017-10-25,7:00pm,PHI,104,HOU,105
201710250BRK,2017-10-25T19:30:00Z,2017-10-25,7:30pm,BRK,112,CLE,107
201710250MIA,2017-10-25T20:00:00Z,2017-10-25,8:00pm,MIA,100,SAS,117
201710250OKC,2017-10-25T20:00:00Z,2017-10-25,8:00pm,OKC,114,IND,96
201710250DAL,2017-10-25T20:30:00Z,2017-10-25,8:30pm,DAL,103,MEM,94
201710250PHO,2017-10-25T22:00:00Z,2017-10-25,10:00pm,PHO,97,UTA,88
201710250GSW,2017-10-25T22:30:00Z,2017-10-25,10:30pm,GSW,117,TOR,112
201710250LAL,2017-10-25T22:30:00Z,2017-10-25,10:30pm,LAL,102,WAS,99
201710260CHI,2017-10-26T20:00:00Z,2017-10-26,8:00pm,CHI,91,ATL,86
201710260MEM,2017-10-26T20:00:00Z,2017-10-26,8:00pm,MEM,96,DAL,91
201710260MIL,2017-10-26T20:00:00Z,2017-10-26,8:00pm,MIL,89,BOS,96
201710260POR,2017-10-26T22:00:00Z,2017-10-26,10:00pm,POR,103,LAC,104
201710260SAC,2017-10-26T22:30:00Z,2017-10-26,10:30pm,SAC,106,NOP,114
201710270CHO,2017-10-27T19:00:00Z,2017-10-27,7:00pm,CHO,93,HOU,109
201710270ORL,2017-10-27T19:00:00Z,2017-10-27,7:00pm,ORL,114,SAS,87
201710270ATL,2017-10-27T19:30:00Z,2017-10-27,7:30pm,ATL,100,DEN,105
201710270NYK,2017-10-27T19:30:00Z,2017-10-27,7:30pm,NYK,107,BRK,86
201710270MIN,2017-10-27T20:00:00Z,2017-10-27,8:00pm,MIN,119,OKC,116
201710270GSW,2017-10-27T22:30:00Z,2017-10-27,10:30pm,GSW,120,WAS,117
201710270LAL,2017-10-27T22:30:00Z,2017-10-27,10:30pm,LAL,92,TOR,101
201710280NOP,2017-10-28T19:00:00Z,2017-10-28,7:00pm,NOP,123,CLE,101
201710280CHI,2017-10-28T20:00:00Z,2017-10-28,8:00pm,CHI,69,OKC,101
201710280MEM,2017-10-28T20:00:00Z,2017-10-28,8:00pm,MEM,103,HOU,89
201710280MIA,2017-10-28T20:00:00Z,2017-10-28,8:00pm,MIA,90,BOS,96
201710280DAL,2017-10-28T20:30:00Z,2017-10-28,8:30pm,DAL,110,PHI,112
201710280UTA,2017-10-28T21:00:00Z,2017-10-28,9:00pm,UTA,96,LAL,81
201710280POR,2017-10-28T22:00:00Z,2017-10-28,10:00pm,POR,114,PHO,107
201710280LAC,2017-10-28T22:30:00Z,2017-10-28,10:30pm,LAC,87,DET,95
201710290ATL,2017-10-29T15:30:00Z,2017-10-29,3:30pm,ATL,106,MIL,117
201710290IND,2017-10-29T16:30:00Z,2017-10-29,4:30pm,IND,97,SAS,94
201710290BRK,2017-10-29T18:00:00Z,2017-10-29,6:00pm,BRK,111,DEN,124
201710290CHO,2017-10-29T18:00:00Z,2017-10-29,6:00pm,CHO,120,ORL,113
201710290SAC,2017-10-29T18:00:00Z,2017-10-29,6:00pm,SAC,83,WAS,110
201710290CLE,2017-10-29T19:00:00Z,2017-10-29,7:00pm,CLE,95,NYK,114
201710290GSW,2017-10-29T20:30:00Z,2017-10-29,8:30pm,GSW,107,DET,115
201710300BOS,2017-10-30T19:30:00Z,2017-10-30,7:30pm,BOS,108,SAS,94
201710300MIA,2017-10-30T19:30:00Z,2017-10-30,7:30pm,MIA,122,MIN,125
201710300NYK,2017-10-30T19:30:00Z,2017-10-30,7:30pm,NYK,116,DEN,110
201710300HOU,2017-10-30T20:00:00Z,2017-10-30,8:00pm,HOU,107,PHI,115
201710300MEM,2017-10-30T20:00:00Z,2017-10-30,8:00pm,MEM,99,CHO,104
201710300NOP,2017-10-30T20:00:00Z,2017-10-30,8:00pm,NOP,99,ORL,115
201710300UTA,2017-10-30T21:00:00Z,2017-10-30,9:00pm,UTA,104,DAL,89
201710300POR,2017-10-30T22:00:00Z,2017-10-30,10:00pm,POR,85,TOR,99
201710300LAC,2017-10-30T22:30:00Z,2017-10-30,10:30pm,LAC,113,GSW,141
201710310IND,2017-10-31T19:00:00Z,2017-10-31,7:00pm,IND,101,SAC,83
201710310BRK,2017-10-31T19:30:00Z,2017-10-31,7:30pm,BRK,114,PHO,122
201710310MIL,2017-10-31T20:00:00Z,2017-10-31,8:00pm,MIL,91,OKC,110
201710310LAL,2017-10-31T22:30:00Z,2017-10-31,10:30pm,LAL,113,DET,93
201810160BOS,2018-10-16T20:00:00Z,2018-10-16,8:00pm,BOS,105,PHI,87
201810160GSW,2018-10-16T22:30:00Z,2018-10-16,10:30pm,GSW,108,OKC,100
201810170CHO,2018-10-17T19:00:00Z,2018-10-17,7:00pm,CHO,112,MIL,113
201810170DET,2018-10-17T19:00:00Z,2018-10-17,7:00pm,DET,103,BRK,100
201810170IND,2018-10-17T19:00:00Z,2018-10-17,7:00pm,IND,111,MEM,83
201810170ORL,2018-10-17T19:00:00Z,2018-10-17,7:00pm,ORL,104,MIA,101
201810170NYK,2018-10-17T19:30:00Z,2018-10-17,7:30pm,NYK,126,ATL,107
201810170TOR,2018-10-17T19:30:00Z,2018-10-17,7:30pm,TOR,116,CLE,104
201810170HOU,2018-10-17T20:00:00Z,2018-10-17,8:00pm,HOU,112,NOP,131
201810170SAS,2018-10-17T20:30:00Z,2018-10-17,8:30pm,SAS,112,MIN,108
201810170SAC,2018-10-17T22:00:00Z,2018-10-17,10:00pm,SAC,117,UTA,123
201810170LAC,2018-10-17T22:30:00Z,2018-10-17,10:30pm,LAC,98,DEN,107
201810170PHO,2018-10-17T22:30:00Z,2018-10-17,10:30pm,PHO,121,DAL,100
201810180PHI,2018-10-18T20:00:00Z,2018-10-18,8:00pm,PHI,127,CHI,108
201810180WAS,2018-10-18T20:00:00Z,2018-10-18,8:00pm,WAS,112,MIA,113
201810180POR,2018-10-18T22:30:00Z,2018-10-18,10:30pm,POR,128,LAL,119
201810190ORL,2018-10-19T19:00:00Z,2018-10-19,7:00pm,ORL,88,CHO,120
201810190BRK,2018-10-19T19:30:00Z,2018-10-19,7:30pm,BRK,107,NYK,105
201810190MEM,2018-10-19T20:00:00Z,2018-10-19,8:00pm,MEM,131,ATL,117
201810190MIN,2018-10-19T20:00:00Z,2018-10-19,8:00pm,MIN,131,CLE,123
201810190NOP,2018-10-19T20:00:00Z,2018-10-19,8:00pm,NOP,149,SAC,129
201810190TOR,2018-10-19T20:00:00Z,2018-10-19,8:00pm,TOR,113,BOS,101
201810190MIL,2018-10-19T20:30:00Z,2018-10-19,8:30pm,MIL,118,IND,101
201810190LAC,2018-10-19T22:30:00Z,2018-10-19,10:30pm,LAC,108,OKC,92
201810190UTA,2018-10-19T22:30:00Z,2018-10-19,10:30pm,UTA,123,GSW,124
201810200IND,2018-10-20T19:00:00Z,2018-10-20,7:00pm,IND,132,BRK,112
201810200WAS,2018-10-20T19:00:00Z,2018-10-20,7:00pm,WAS,113,TOR,117
201810200NYK,2018-10-20T19:30:00Z,2018-10-20,7:30pm,NYK,101,BOS,103
201810200PHI,2018-10-20T19:30:00Z,2018-10-20,7:30pm,PHI,116,ORL,115
201810200CHI,2018-10-20T20:00:00Z,2018-10-20,8:00pm,CHI,116,DET,118
201810200MIA,2018-10-20T20:00:00Z,2018-10-20,8:00pm,MIA,112,CHO,113
201810200DAL,2018-10-20T20:30:00Z,2018-10-20,8:30pm,DAL,140,MIN,136
201810200DEN,2018-10-20T21:00:00Z,2018-10-20,9:00pm,DEN,119,PHO,91
201810200POR,2018-10-20T22:00:00Z,2018-10-20,10:00pm,POR,121,SAS,108
201810200LAL,2018-10-20T22:30:00Z,2018-10-20,10:30pm,LAL,115,HOU,124
201810210CLE,2018-10-21T18:00:00Z,2018-10-21,6:00pm,CLE,111,ATL,133
201810210OKC,2018-10-21T19:00:00Z,2018-10-21,7:00pm,OKC,120,SAC,131
201810210DEN,2018-10-21T20:00:00Z,2018-10-21,8:00pm,DEN,100,GSW,98
201810210LAC,2018-10-21T21:00:00Z,2018-10-21,9:00pm,LAC,115,HOU,112
201810220BOS,2018-10-22T19:30:00Z,2018-10-22,7:30pm,BOS,90,ORL,93
201810220TOR,2018-10-22T19:30:00Z,2018-10-22,7:30pm,TOR,127,CHO,106
201810220MIL,2018-10-22T20:00:00Z,2018-10-22,8:00pm,MIL,124,NYK,113
201810220MIN,2018-10-22T20:00:00Z,2018-10-22,8:00pm,MIN,101,IND,91
201810220DAL,2018-10-22T20:30:00Z,2018-10-22,8:30pm,DAL,115,CHI,109
201810220UTA,2018-10-22T21:00:00Z,2018-10-22,9:00pm,UTA,84,MEM,92
201810220POR,2018-10-22T22:00:00Z,2018-10-22,10:00pm,POR,124,WAS,125
201810220GSW,2018-10-22T22:30:00Z,2018-10-22,10:30pm,GSW,123,PHO,103
201810220LAL,2018-10-22T22:30:00Z,2018-10-22,10:30pm,LAL,142,SAS,143
201810230DET,2018-10-23T19:00:00Z,2018-10-23,7:00pm,DET,133,PHI,132
201810230NOP,2018-10-23T20:00:00Z,2018-10-23,8:00pm,NOP,116,LAC,109
201810230DEN,2018-10-23T21:00:00Z,2018-10-23,9:00pm,DEN,126,SAC,112
201810240ATL,2018-10-24T19:00:00Z,2018-10-24,7:00pm,ATL,111,DAL,104
201810240CLE,2018-10-24T19:00:00Z,2018-10-24,7:00pm,CLE,86,BRK,102
201810240MIA,2018-10-24T19:30:00Z,2018-10-24,7:30pm,MIA,110,NYK,87
201810240TOR,2018-10-24T19:30:00Z,2018-10-24,7:30pm,TOR,112,MIN,105
201810240CHI,2018-10-24T20:00:00Z,2018-10-24,8:00pm,CHI,112,CHO,110
201810240HOU,2018-10-24T20:00:00Z,2018-10-24,8:00pm,HOU,89,UTA,100
201810240SAS,2018-10-24T20:30:00Z,2018-10-24,8:30pm,SAS,96,IND,116
201810240MIL,2018-10-24T21:30:00Z,2018-10-24,9:30pm,MIL,123,PHI,108
201810240PHO,2018-10-24T22:00:00Z,2018-10-24,10:00pm,PHO,113,LAL,131
201810240SAC,2018-10-24T22:00:00Z,2018-10-24,10:00pm,SAC,97,MEM,92
201810240GSW,2018-10-24T22:30:00Z,2018-10-24,10:30pm,GSW,144,WAS,122
201810250DET,2018-10-25T19:00:00Z,2018-10-25,7:00pm,DET,110,CLE,103
201810250ORL,2018-10-25T19:00:00Z,2018-10-25,7:00pm,ORL,114,POR,128
201810250OKC,2018-10-25T20:00:00Z,2018-10-25,8:00pm,OKC,95,BOS,101
201810250LAL,2018-10-25T22:30:00Z,2018-10-25,10:30pm,LAL,121,DEN,114
201810260CHO,2018-10-26T19:00:00Z,2018-10-26,7:00pm,CHO,135,CHI,106
201810260NYK,2018-10-26T19:30:00Z,2018-10-26,7:30pm,NYK,100,GSW,128
201810260TOR,2018-10-26T19:30:00Z,2018-10-26,7:30pm,TOR,116,DAL,107
201810260HOU,2018-10-26T20:00:00Z,2018-10-26,8:00pm,HOU,113,LAC,133
201810260MIN,2018-10-26T20:00:00Z,2018-10-26,8:00pm,MIN,95,MIL,125
201810260NOP,2018-10-26T20:00:00Z,2018-10-26,8:00pm,NOP,117,BRK,115
201810260SAC,2018-10-26T22:00:00Z,2018-10-26,10:00pm,SAC,116,WAS,112
201810270DET,2018-10-27T19:00:00Z,2018-10-27,7:00pm,DET,89,BOS,109
201810270NOP,2018-10-27T19:00:00Z,2018-10-27,7:00pm,NOP,111,UTA,132
201810270ATL,2018-10-27T19:30:00Z,2018-10-27,7:30pm,ATL,85,CHI,97
201810270CLE,2018-10-27T19:30:00Z,2018-10-27,7:30pm,CLE,107,IND,119
201810270PHI,2018-10-27T19:30:00Z,2018-10-27,7:30pm,PHI,105,CHO,103
201810270MEM,2018-10-27T20:00:00Z,2018-10-27,8:00pm,MEM,117,PHO,96
201810270MIA,2018-10-27T20:00:00Z,2018-10-27,8:00pm,MIA,120,POR,111
201810270MIL,2018-10-27T20:30:00Z,2018-10-27,8:30pm,MIL,113,ORL,91
201810270SAS,2018-10-27T20:30:00Z,2018-10-27,8:30pm,SAS,110,LAL,106
201810280BRK,2018-10-28T17:00:00Z,2018-10-28,5:00pm,BRK,114,GSW,120
201810280DAL,2018-10-28T19:00:00Z,2018-10-28,7:00pm,DAL,104,UTA,113
201810280OKC,2018-10-28T19:00:00Z,2018-10-28,7:00pm,OKC,117,PHO,110
201810280LAC,2018-10-28T21:30:00Z,2018-10-28,9:30pm,LAC,136,WAS,104
201810290IND,2018-10-29T19:00:00Z,2018-10-29,7:00pm,IND,93,POR,103
201810290PHI,2018-10-29T19:00:00Z,2018-10-29,7:00pm,PHI,113,ATL,92
201810290MIA,2018-10-29T19:30:00Z,2018-10-29,7:30pm,MIA,113,SAC,123
201810290NYK,2018-10-29T19:30:00Z,2018-10-29,7:30pm,NYK,115,BRK,96
201810290CHI,2018-10-29T20:00:00Z,2018-10-29,8:00pm,CHI,124,GSW,149
201810290MIL,2018-10-29T20:00:00Z,2018-10-29,8:00pm,MIL,124,TOR,109
201810290MIN,2018-10-29T20:00:00Z,2018-10-29,8:00pm,MIN,124,LAL,120
201810290SAS,2018-10-29T20:30:00Z,2018-10-29,8:30pm,SAS,113,DAL,108
201810290DEN,2018-10-29T21:00:00Z,2018-10-29,9:00pm,DEN,116,NOP,111
201810300CHO,2018-10-30T19:00:00Z,2018-10-30,7:00pm,CHO,125,MIA,113
201810300CLE,2018-10-30T19:00:00Z,2018-10-30,7:00pm,CLE,136,ATL,114
201810300ORL,2018-10-30T19:00:00Z,2018-10-30,7:00pm,ORL,99,SAC,107
201810300BOS,2018-10-30T19:30:00Z,2018-10-30,7:30pm,BOS,108,DET,105
201810300TOR,2018-10-30T19:30:00Z,2018-10-30,7:30pm,TOR,129,PHI,112
201810300HOU,2018-10-30T20:00:00Z,2018-10-30,8:00pm,HOU,85,POR,104
201810300MEM,2018-10-30T20:00:00Z,2018-10-30,8:00pm,MEM,107,WAS,95
201810300OKC,2018-10-30T20:00:00Z,2018-10-30,8:00pm,OKC,128,LAC,110
201810310BRK,2018-10-31T19:30:00Z,2018-10-31,7:30pm,BRK,120,DET,119
201810310CHI,2018-10-31T20:00:00Z,2018-10-31,8:00pm,CHI,107,DEN,108
201810310MIN,2018-10-31T20:00:00Z,2018-10-31,8:00pm,MIN,128,UTA,125
201810310NYK,2018-10-31T20:00:00Z,2018-10-31,8:00pm,NYK,101,IND,107
201810310GSW,2018-10-31T22:30:00Z,2018-10-31,10:30pm,GSW,131,NOP,121
201810310LAL,2018-10-31T22:30:00Z,2018-10-31,10:30pm,LAL,114,DAL,113
201810310PHO,2018-10-31T22:30:00Z,2018-10-31,10:30pm,PHO,90,SAS,120
201910220TOR,2019-10-22T20:00:00Z,2019-10-22,8:00pm,TOR,130,NOP,122
201910220LAC,2019-10-22T22:30:00Z,2019-10-22,10:30pm,LAC,112,LAL,102
201910230CHO,2019-10-23T19:00:00Z,2019-10-23,7:00pm,CHO,126,CHI,125
201910230IND,2019-10-23T19:00:00Z,2019-10-23,7:00pm,IND,110,DET,119
201910230ORL,2019-10-23T19:00:00Z,2019-10-23,7:00pm,ORL,94,CLE,85
201910230BRK,2019-10-23T19:30:00Z,2019-10-23,7:30pm,BRK,126,MIN,127
201910230MIA,2019-10-23T19:30:00Z,2019-10-23,7:30pm,MIA,120,MEM,101
201910230PHI,2019-10-23T19:30:00Z,2019-10-23,7:30pm,PHI,107,BOS,93
201910230DAL,2019-10-23T20:30:00Z,2019-10-23,8:30pm,DAL,108,WAS,100
201910230SAS,2019-10-23T20:30:00Z,2019-10-23,8:30pm,SAS,120,NYK,111
201910230UTA,2019-10-23T21:00:00Z,2019-10-23,9:00pm,UTA,100,OKC,95
201910230PHO,2019-10-23T22:00:00Z,2019-10-23,10:00pm,PHO,124,SAC,95
201910230POR,2019-10-23T22:00:00Z,2019-10-23,10:00pm,POR,100,DEN,108
201910240DET,2019-10-24T19:00:00Z,2019-10-24,7:00pm,DET,100,ATL,117
201910240HOU,2019-10-24T20:00:00Z,2019-10-24,8:00pm,HOU,111,MIL,117
201910240GSW,2019-10-24T22:30:00Z,2019-10-24,10:30pm,GSW,122,LAC,141
201910250BOS,2019-10-25T19:00:00Z,2019-10-25,7:00pm,BOS,112,TOR,106
201910250CHO,2019-10-25T19:00:00Z,2019-10-25,7:00pm,CHO,99,MIN,121
201910250BRK,2019-10-25T19:30:00Z,2019-10-25,7:30pm,BRK,113,NYK,109
201910250MEM,2019-10-25T20:00:00Z,2019-10-25,8:00pm,MEM,102,CHI,110
201910250NOP,2019-10-25T20:00:00Z,2019-10-25,8:00pm,NOP,116,DAL,123
201910250OKC,2019-10-25T20:00:00Z,2019-10-25,8:00pm,OKC,85,WAS,97
201910250DEN,2019-10-25T21:00:00Z,2019-10-25,9:00pm,DEN,108,PHO,107
201910250SAC,2019-10-25T22:00:00Z,2019-10-25,10:00pm,SAC,112,POR,122
201910250LAL,2019-10-25T22:30:00Z,2019-10-25,10:30pm,LAL,95,UTA,86
201910260MIL,2019-10-26T17:00:00Z,2019-10-26,5:00pm,MIL,126,MIA,131
201910260DET,2019-10-26T19:00:00Z,2019-10-26,7:00pm,DET,111,PHI,117
201910260ATL,2019-10-26T19:30:00Z,2019-10-26,7:30pm,ATL,103,ORL,99
201910260NYK,2019-10-26T19:30:00Z,2019-10-26,7:30pm,NYK,95,BOS,118
201910260CHI,2019-10-26T20:00:00Z,2019-10-26,8:00pm,CHI,84,TOR,108
201910260CLE,2019-10-26T20:00:00Z,2019-10-26,8:00pm,CLE,110,IND,99
201910260HOU,2019-10-26T20:00:00Z,2019-10-26,8:00pm,HOU,126,NOP,123
201910260SAS,2019-10-26T20:30:00Z,2019-10-26,8:30pm,SAS,124,WAS,122
201910260UTA,2019-10-26T21:00:00Z,2019-10-26,9:00pm,UTA,113,SAC,81
201910260PHO,2019-10-26T22:00:00Z,2019-10-26,10:00pm,PHO,130,LAC,122
201910270OKC,2019-10-27T15:30:00Z,2019-10-27,3:30pm,OKC,120,GSW,92
201910270MEM,2019-10-27T18:00:00Z,2019-10-27,6:00pm,MEM,134,BRK,133
201910270DAL,2019-10-27T19:00:00Z,2019-10-27,7:00pm,DAL,119,POR,121
201910270MIN,2019-10-27T19:00:00Z,2019-10-27,7:00pm,MIN,116,MIA,109
201910270LAL,2019-10-27T21:30:00Z,2019-10-27,9:30pm,LAL,120,CHO,101
201910280NYK,2019-10-28T19:00:00Z,2019-10-28,7:00pm,NYK,105,CHI,98
201910280DET,2019-10-28T19:00:00Z,2019-10-28,7:00pm,DET,96,IND,94
201910280TOR,2019-10-28T19:30:00Z,2019-10-28,7:30pm,TOR,104,ORL,95
201910280ATL,2019-10-28T19:30:00Z,2019-10-28,7:30pm,ATL,103,PHI,105
201910280HOU,2019-10-28T20:00:00Z,2019-10-28,8:00pm,HOU,116,OKC,112
201910280MIL,2019-10-28T20:00:00Z,2019-10-28,8:00pm,MIL,129,CLE,112
201910280NOP,2019-10-28T20:00:00Z,2019-10-28,8:00pm,NOP,123,GSW,134
201910280SAS,2019-10-28T20:30:00Z,2019-10-28,8:30pm,SAS,113,POR,110
201910280PHO,2019-10-28T22:00:00Z,2019-10-28,10:00pm,PHO,95,UTA,96
201910280SAC,2019-10-28T22:00:00Z,2019-10-28,10:00pm,SAC,94,DEN,101
201910280LAC,2019-10-28T22:30:00Z,2019-10-28,10:30pm,LAC,111,CHO,96
201910290MIA,2019-10-29T19:30:00Z,2019-10-29,7:30pm,MIA,112,ATL,97
201910290DEN,2019-10-29T21:00:00Z,2019-10-29,9:00pm,DEN,106,DAL,109
201910290LAL,2019-10-29T22:30:00Z,2019-10-29,10:30pm,LAL,120,MEM,91
201910300CLE,2019-10-30T19:00:00Z,2019-10-30,7:00pm,CLE,117,CHI,111
201910300ORL,2019-10-30T19:00:00Z,2019-10-30,7:00pm,ORL,95,NYK,83
201910300PHI,2019-10-30T19:00:00Z,2019-10-30,7:00pm,PHI,117,MIN,95
201910300BOS,2019-10-30T19:30:00Z,2019-10-30,7:30pm,BOS,116,MIL,105
201910300BRK,2019-10-30T19:30:00Z,2019-10-30,7:30pm,BRK,108,IND,118
201910300TOR,2019-10-30T19:30:00Z,2019-10-30,7:30pm,TOR,125,DET,113
201910300OKC,2019-10-30T20:00:00Z,2019-10-30,8:00pm,OKC,99,POR,102
201910300WAS,2019-10-30T20:00:00Z,2019-10-30,8:00pm,WAS,158,HOU,159
201910300SAC,2019-10-30T22:00:00Z,2019-10-30,10:00pm,SAC,111,CHO,118
201910300UTA,2019-10-30T22:00:00Z,2019-10-30,10:00pm,UTA,110,LAC,96
201910300GSW,2019-10-30T22:30:00Z,2019-10-30,10:30pm,GSW,110,PHO,121
201910310ATL,2019-10-31T19:00:00Z,2019-10-31,7:00pm,ATL,97,MIA,106
201910310NOP,2019-10-31T21:30:00Z,2019-10-31,9:30pm,NOP,122,DEN,107
201910310LAC,2019-10-31T22:30:00Z,2019-10-31,10:30pm,LAC,103,SAS,97
202012220BRK,2020-12-22T19:00:00Z,2020-12-22,7:00pm,BRK,125,GSW,99
202012220LAL,2020-12-22T22:00:00Z,2020-12-22,10:00pm,LAL,109,LAC,116
202012230CLE,2020-12-23T19:00:00Z,2020-12-23,7:00pm,CLE,121,CHO,114
202012230IND,2020-12-23T19:00:00Z,2020-12-23,7:00pm,IND,121,NYK,107
202012230ORL,2020-12-23T19:00:00Z,2020-12-23,7:00pm,ORL,113,MIA,107
202012230PHI,2020-12-23T19:00:00Z,2020-12-23,7:00pm,PHI,113,WAS,107
202012230TOR,2020-12-23T19:30:00Z,2020-12-23,7:30pm,TOR,99,NOP,113
202012230BOS,2020-12-23T19:30:00Z,2020-12-23,7:30pm,BOS,122,MIL,121
202012230CHI,2020-12-23T20:00:00Z,2020-12-23,8:00pm,CHI,104,ATL,124
202012230MEM,2020-12-23T20:00:00Z,2020-12-23,8:00pm,MEM,119,SAS,131
202012230MIN,2020-12-23T20:00:00Z,2020-12-23,8:00pm,MIN,111,DET,101
202012230DEN,2020-12-23T21:00:00Z,2020-12-23,9:00pm,DEN,122,SAC,124
202012230POR,2020-12-23T22:00:00Z,2020-12-23,10:00pm,POR,100,UTA,120
202012230PHO,2020-12-23T22:30:00Z,2020-12-23,10:30pm,PHO,106,DAL,102
202012250MIA,2020-12-25T12:00:00Z,2020-12-25,12:00pm,MIA,111,NOP,98
202012250MIL,2020-12-25T14:30:00Z,2020-12-25,2:30pm,MIL,138,GSW,99
202012250BOS,2020-12-25T17:00:00Z,2020-12-25,5:00pm,BOS,95,BRK,123
202012250LAL,2020-12-25T20:00:00Z,2020-12-25,8:00pm,LAL,138,DAL,115
202012250DEN,2020-12-25T22:30:00Z,2020-12-25,10:30pm,DEN,108,LAC,121
202012260MEM,2020-12-26T17:00:00Z,2020-12-26,5:00pm,MEM,112,ATL,122
202012260CHO,2020-12-26T19:00:00Z,2020-12-26,7:00pm,CHO,107,OKC,109
202012260DET,2020-12-26T19:00:00Z,2020-12-26,7:00pm,DET,119,CLE,128
202012260WAS,2020-12-26T19:00:00Z,2020-12-26,7:00pm,WAS,120,ORL,130
202012260NYK,2020-12-26T19:30:00Z,2020-12-26,7:30pm,NYK,89,PHI,109
202012260CHI,2020-12-26T20:00:00Z,2020-12-26,8:00pm,CHI,106,IND,125
202012260SAS,2020-12-26T20:30:00Z,2020-12-26,8:30pm,SAS,119,TOR,114
202012260UTA,2020-12-26T21:00:00Z,2020-12-26,9:00pm,UTA,111,MIN,116
202012260POR,2020-12-26T22:00:00Z,2020-12-26,10:00pm,POR,128,HOU,126
202012260SAC,2020-12-26T22:00:00Z,2020-12-26,10:00pm,SAC,106,PHO,103
202012270LAC,2020-12-27T15:30:00Z,2020-12-27,3:30pm,LAC,73,DAL,124
202012270NOP,2020-12-27T19:00:00Z,2020-12-27,7:00pm,NOP,98,SAS,95
202012270WAS,2020-12-27T19:00:00Z,2020-12-27,7:00pm,WAS,113,ORL,120
202012270CHO,2020-12-27T19:00:00Z,2020-12-27,7:00pm,CHO,106,BRK,104
202012270CLE,2020-12-27T19:30:00Z,2020-12-27,7:30pm,CLE,118,PHI,94
202012270NYK,2020-12-27T19:30:00Z,2020-12-27,7:30pm,NYK,130,MIL,110
202012270IND,2020-12-27T20:00:00Z,2020-12-27,8:00pm,IND,108,BOS,107
202012270CHI,2020-12-27T20:00:00Z,2020-12-27,8:00pm,CHI,128,GSW,129
202012270SAC,2020-12-27T21:00:00Z,2020-12-27,9:00pm,SAC,100,PHO,116
202012270LAL,2020-12-27T22:00:00Z,2020-12-27,10:00pm,LAL,127,MIN,91
202012280BRK,2020-12-28T19:30:00Z,2020-12-28,7:30pm,BRK,111,MEM,116
202012280ATL,2020-12-28T19:30:00Z,2020-12-28,7:30pm,ATL,128,DET,120
202012280OKC,2020-12-28T20:00:00Z,2020-12-28,8:00pm,OKC,109,UTA,110
202012280DEN,2020-12-28T21:00:00Z,2020-12-28,9:00pm,DEN,124,HOU,111
202012280LAL,2020-12-28T22:00:00Z,2020-12-28,10:00pm,LAL,107,POR,115
202012290CLE,2020-12-29T19:00:00Z,2020-12-29,7:00pm,CLE,86,NYK,95
202012290DET,2020-12-29T19:00:00Z,2020-12-29,7:00pm,DET,106,GSW,116
202012290IND,2020-12-29T19:00:00Z,2020-12-29,7:00pm,IND,111,BOS,116
202012290WAS,2020-12-29T19:00:00Z,2020-12-29,7:00pm,WAS,107,CHI,115
202012290PHI,2020-12-29T19:00:00Z,2020-12-29,7:00pm,PHI,100,TOR,93
202012290MIA,2020-12-29T19:30:00Z,2020-12-29,7:30pm,MIA,97,MIL,144
202012290OKC,2020-12-29T20:00:00Z,2020-12-29,8:00pm,OKC,107,ORL,118
202012290PHO,2020-12-29T22:00:00Z,2020-12-29,10:00pm,PHO,111,NOP,86
202012290SAC,2020-12-29T22:00:00Z,2020-12-29,10:00pm,SAC,125,DEN,115
202012290LAC,2020-12-29T22:00:00Z,2020-12-29,10:00pm,LAC,124,MIN,101
202012300MIA,2020-12-30T19:30:00Z,2020-12-30,7:30pm,MIA,119,MIL,108
202012300BRK,2020-12-30T19:30:00Z,2020-12-30,7:30pm,BRK,145,ATL,141
202012300BOS,2020-12-30T19:30:00Z,2020-12-30,7:30pm,BOS,126,MEM,107
202012300DAL,2020-12-30T20:30:00Z,2020-12-30,8:30pm,DAL,99,CHO,118
202012300SAS,2020-12-30T20:30:00Z,2020-12-30,8:30pm,SAS,107,LAL,121
202012300LAC,2020-12-30T22:00:00Z,2020-12-30,10:00pm,LAC,128,POR,105
202012310IND,2020-12-31T15:00:00Z,2020-12-31,3:00pm,IND,119,CLE,99
202012310WAS,2020-12-31T17:00:00Z,2020-12-31,5:00pm,WAS,130,CHI,133
202012310ORL,2020-12-31T18:30:00Z,2020-12-31,6:30pm,ORL,92,PHI,116
202012310HOU,2020-12-31T19:00:00Z,2020-12-31,7:00pm,HOU,122,SAC,119
202012310TOR,2020-12-31T19:30:00Z,2020-12-31,7:30pm,TOR,100,NYK,83
202012310OKC,2020-12-31T20:00:00Z,2020-12-31,8:00pm,OKC,80,NOP,113
202012310UTA,2020-12-31T21:00:00Z,2020-12-31,9:00pm,UTA,95,PHO,106
201112250NYK,2011-12-25T12:00:00Z,2011-12-25,12:00pm,NYK,106,BOS,104
201112250DAL,2011-12-25T14:30:00Z,2011-12-25,2:30pm,DAL,94,MIA,105
201112250LAL,2011-12-25T17:00:00Z,2011-12-25,5:00pm,LAL,87,CHI,88
201112250OKC,2011-12-25T20:00:00Z,2011-12-25,8:00pm,OKC,97,ORL,89
201112250GSW,2011-12-25T22:30:00Z,2011-12-25,10:30pm,GSW,86,LAC,105
201112260CLE,2011-12-26T19:00:00Z,2011-12-26,7:00pm,CLE,96,TOR,104
201112260WAS,2011-12-26T19:00:00Z,2011-12-26,7:00pm,WAS,84,NJN,90
201112260ORL,2011-12-26T19:00:00Z,2011-12-26,7:00pm,ORL,104,HOU,95
201112260IND,2011-12-26T19:00:00Z,2011-12-26,7:00pm,IND,91,DET,79
201112260CHA,2011-12-26T19:00:00Z,2011-12-26,7:00pm,CHA,96,MIL,95
201112260MIN,2011-12-26T20:00:00Z,2011-12-26,8:00pm,MIN,100,OKC,104
201112260DAL,2011-12-26T20:30:00Z,2011-12-26,8:30pm,DAL,93,DEN,115
201112260SAS,2011-12-26T20:30:00Z,2011-12-26,8:30pm,SAS,95,MEM,82
201112260PHO,2011-12-26T21:00:00Z,2011-12-26,9:00pm,PHO,84,NOH,85
201112260POR,2011-12-26T22:00:00Z,2011-12-26,10:00pm,POR,107,PHI,103
201112260SAC,2011-12-26T22:00:00Z,2011-12-26,10:00pm,SAC,100,LAL,91
201112260GSW,2011-12-26T22:30:00Z,2011-12-26,10:30pm,GSW,99,CHI,91
201112270NJN,2011-12-27T19:30:00Z,2011-12-27,7:30pm,NJN,70,ATL,106
201112270MIA,2011-12-27T20:00:00Z,2011-12-27,8:00pm,MIA,115,BOS,107
201112270MIL,2011-12-27T20:30:00Z,2011-12-27,8:30pm,MIL,98,MIN,95
201112270POR,2011-12-27T22:00:00Z,2011-12-27,10:00pm,POR,101,SAC,79
201112270LAL,2011-12-27T22:30:00Z,2011-12-27,10:30pm,LAL,96,UTA,71
201112280TOR,2011-12-28T18:00:00Z,2011-12-28,6:00pm,TOR,85,IND,90
201112280CHA,2011-12-28T19:00:00Z,2011-12-28,7:00pm,CHA,95,MIA,96
201112280ATL,2011-12-28T19:30:00Z,2011-12-28,7:30pm,ATL,101,WAS,83
201112280DET,2011-12-28T19:30:00Z,2011-12-28,7:30pm,DET,89,CLE,105
201112280NOH,2011-12-28T20:00:00Z,2011-12-28,8:00pm,NOH,97,BOS,78
201112280MEM,2011-12-28T20:00:00Z,2011-12-28,8:00pm,MEM,95,OKC,98
201112280SAS,2011-12-28T20:30:00Z,2011-12-28,8:30pm,SAS,115,LAC,90
201112280PHO,2011-12-28T21:00:00Z,2011-12-28,9:00pm,PHO,83,PHI,103
201112280DEN,2011-12-28T21:00:00Z,2011-12-28,9:00pm,DEN,117,UTA,100
201112280GSW,2011-12-28T22:30:00Z,2011-12-28,10:30pm,GSW,92,NYK,78
201112290ORL,2011-12-29T19:00:00Z,2011-12-29,7:00pm,ORL,94,NJN,78
201112290HOU,2011-12-29T20:00:00Z,2011-12-29,8:00pm,HOU,105,SAS,85
201112290OKC,2011-12-29T20:00:00Z,2011-12-29,8:00pm,OKC,104,DAL,102
201112290POR,2011-12-29T22:00:00Z,2011-12-29,10:00pm,POR,111,DEN,102
201112290SAC,2011-12-29T22:00:00Z,2011-12-29,10:00pm,SAC,98,CHI,108
201112290LAL,2011-12-29T22:30:00Z,2011-12-29,10:30pm,LAL,99,NYK,82
201112300CHA,2011-12-30T19:00:00Z,2011-12-30,7:00pm,CHA,79,ORL,100
201112300IND,2011-12-30T19:00:00Z,2011-12-30,7:00pm,IND,98,CLE,91
201112300ATL,2011-12-30T19:30:00Z,2011-12-30,7:30pm,ATL,105,NJN,98
201112300BOS,2011-12-30T19:30:00Z,2011-12-30,7:30pm,BOS,96,DET,85
201112300NOH,2011-12-30T20:00:00Z,2011-12-30,8:00pm,NOH,78,PHO,93
201112300MEM,2011-12-30T20:00:00Z,2011-12-30,8:00pm,MEM,113,HOU,93
201112300MIN,2011-12-30T20:00:00Z,2011-12-30,8:00pm,MIN,101,MIA,103
201112300DAL,2011-12-30T20:30:00Z,2011-12-30,8:30pm,DAL,99,TOR,86
201112300MIL,2011-12-30T20:30:00Z,2011-12-30,8:30pm,MIL,102,WAS,81
201112300UTA,2011-12-30T21:00:00Z,2011-12-30,9:00pm,UTA,102,PHI,99
201112300LAC,2011-12-30T22:30:00Z,2011-12-30,10:30pm,LAC,101,CHI,114
201112310LAL,2011-12-31T15:30:00Z,2011-12-31,3:30pm,LAL,92,DEN,89
201112310DET,2011-12-31T18:00:00Z,2011-12-31,6:00pm,DET,96,IND,88
201112310HOU,2011-12-31T19:00:00Z,2011-12-31,7:00pm,HOU,95,ATL,84
201112310OKC,2011-12-31T20:00:00Z,2011-12-31,8:00pm,OKC,107,PHO,97
201112310SAC,2011-12-31T20:00:00Z,2011-12-31,8:00pm,SAC,92,NYK,114
201112310SAS,2011-12-31T20:30:00Z,2011-12-31,8:30pm,SAS,104,UTA,89
201112310GSW,2011-12-31T21:00:00Z,2011-12-31,9:00pm,GSW,79,PHI,107
201210300CLE,2012-10-30T19:00:00Z,2012-10-30,7:00pm,CLE,94,WAS,84
201210300MIA,2012-10-30T20:00:00Z,2012-10-30,8:00pm,MIA,120,BOS,107
201210300LAL,2012-10-30T22:30:00Z,2012-10-30,10:30pm,LAL,91,DAL,99
201210310PHI,2012-10-31T19:00:00Z,2012-10-31,7:00pm,PHI,84,DEN,75
201210310TOR,2012-10-31T19:00:00Z,2012-10-31,7:00pm,TOR,88,IND,90
201210310DET,2012-10-31T19:30:00Z,2012-10-31,7:30pm,DET,96,HOU,105
201210310CHI,2012-10-31T20:00:00Z,2012-10-31,8:00pm,CHI,93,SAC,87
201210310NOH,2012-10-31T20:00:00Z,2012-10-31,8:00pm,NOH,95,SAS,99
201210310UTA,2012-10-31T21:00:00Z,2012-10-31,9:00pm,UTA,113,DAL,94
201210310PHO,2012-10-31T22:00:00Z,2012-10-31,10:00pm,PHO,85,GSW,87
201210310LAC,2012-10-31T22:30:00Z,2012-10-31,10:30pm,LAC,101,MEM,92
201210310POR,2012-10-31T22:30:00Z,2012-10-31,10:30pm,POR,116,LAL,106
201410280NOP,2014-10-28T20:00:00Z,2014-10-28,8:00pm,NOP,101,ORL,84
201410280SAS,2014-10-28T20:00:00Z,2014-10-28,8:00pm,SAS,101,DAL,100
201410280LAL,2014-10-28T22:30:00Z,2014-10-28,10:30pm,LAL,90,HOU,108
201410290CHO,2014-10-29T19:00:00Z,2014-10-29,7:00pm,CHO,108,MIL,106
201410290IND,2014-10-29T19:00:00Z,2014-10-29,7:00pm,IND,103,PHI,91
201410290TOR,2014-10-29T19:30:00Z,2014-10-29,7:30pm,TOR,109,ATL,102
201410290MIA,2014-10-29T19:30:00Z,2014-10-29,7:30pm,MIA,107,WAS,95
201410290BOS,2014-10-29T19:30:00Z,2014-10-29,7:30pm,BOS,121,BRK,105
201410290NYK,2014-10-29T20:00:00Z,2014-10-29,8:00pm,NYK,80,CHI,104
201410290MEM,2014-10-29T20:00:00Z,2014-10-29,8:00pm,MEM,105,MIN,101
201410290DEN,2014-10-29T21:00:00Z,2014-10-29,9:00pm,DEN,89,DET,79
201410290UTA,2014-10-29T21:00:00Z,2014-10-29,9:00pm,UTA,93,HOU,104
201410290PHO,2014-10-29T22:00:00Z,2014-10-29,10:00pm,PHO,119,LAL,99
201410290SAC,2014-10-29T22:00:00Z,2014-10-29,10:00pm,SAC,77,GSW,95
201410290POR,2014-10-29T22:30:00Z,2014-10-29,10:30pm,POR,106,OKC,89
201410300ORL,2014-10-30T19:00:00Z,2014-10-30,7:00pm,ORL,98,WAS,105
201410300CLE,2014-10-30T20:00:00Z,2014-10-30,8:00pm,CLE,90,NYK,95
201410300MIN,2014-10-30T20:00:00Z,2014-10-30,8:00pm,MIN,97,DET,91
201410300DAL,2014-10-30T20:30:00Z,2014-10-30,8:30pm,DAL,120,UTA,102
201410300LAC,2014-10-30T22:30:00Z,2014-10-30,10:30pm,LAC,93,OKC,90
201410310IND,2014-10-31T19:00:00Z,2014-10-31,7:00pm,IND,89,MEM,97
201410310CHI,2014-10-31T20:00:00Z,2014-10-31,8:00pm,CHI,108,CLE,114
201410310MIL,2014-10-31T20:30:00Z,2014-10-31,8:30pm,MIL,93,PHI,81
201410310PHO,2014-10-31T22:00:00Z,2014-10-31,10:00pm,PHO,94,SAS,89
201410310SAC,2014-10-31T22:00:00Z,2014-10-31,10:00pm,SAC,103,POR,94
201410310LAL,2014-10-31T22:30:00Z,2014-10-31,10:30pm,LAL,111,LAC,118
